time_bucket_id,unique_src_ips,unique_dst_ips,unique_dst_ports,avg_duration,failed_conns,tcp_count,dns_count,unique_domains,file_count,total_file_bytes,reporter_count,snmp_count,tunnel_count,unique_tunnel_types,failed_conn_ratio,tcp_ratio,snmp_write_ratio,traffic_asymmetry,total_bytes,src_concentration,weird_rate,dns_to_conn_ratio,nxdomain_ratio
0,236,34,230,1.1948085354327054,504,424,1.0,1.0,5.0,1275.0,3.0,3.0,10.0,1.0,0.8442211055276382,0.7102177554438861,0.0,0.48146473779385174,8848.0,0.3953098827470687,0.0033500837520938024,0.0016750418760469012,0.0
2,986,113,292,0.2170986611713734,1430,1282,3.0,3.0,9.0,1088.0,18.0,1.0,6.0,1.0,0.8789182544560541,0.7879532882606023,0.0,-0.311231046003598,3891.0,0.6060233558696988,0.015980331899200985,0.0018438844499078057,0.0
3,1125,160,344,0.2429100049239347,1683,1421,12.0,7.0,25.0,3698.0,15.0,3.0,2.0,1.0,0.8319327731092437,0.7024221453287197,0.0,-0.2052401746724891,14427.0,0.5561047948591201,0.009391992090954029,0.005931784478497282,0.0
4,973,124,319,0.2291886527761281,1368,1111,9.0,9.0,6.0,1887.0,20.0,4.0,2.0,1.0,0.8216216216216217,0.6672672672672673,0.0,-0.4155785682125169,4442.0,0.5843843843843843,0.005405405405405406,0.005405405405405406,0.0
5,1015,117,340,0.6076311486165399,1471,1187,15.0,7.0,15.0,1594.0,18.0,2.0,6.0,1.0,0.80119825708061,0.6465141612200436,0.0,-0.09964047252182845,7788.0,0.5528322440087146,0.006535947712418301,0.008169934640522876,0.0
6,1013,104,366,0.4646546224507775,1505,1200,7.0,7.0,6.0,847.0,17.0,4.0,1.0,1.0,0.8048128342245989,0.6417112299465241,0.0,0.28357179796586796,5801.0,0.5417112299465241,0.006951871657754011,0.0037433155080213902,0.0
7,1104,146,315,0.2646907658082585,1715,1505,10.0,8.0,13.0,4386.0,19.0,6.0,10.0,1.0,0.8605117912694431,0.7551430005017562,0.0,-0.09042670793720982,4523.0,0.5539387857501255,0.007526342197691922,0.005017561465127948,0.0
8,1108,139,271,1.8587515969869448,1706,1556,9.0,9.0,35.0,3570.0,18.0,1.0,3.0,1.0,0.8590130916414904,0.783484390735146,0.0,-0.21084549129899807,22756.0,0.5579053373615307,0.02366565961732125,0.004531722054380665,0.0
9,1140,147,274,0.1778221096213704,1610,1398,4.0,4.0,7.0,1157.0,18.0,4.0,1.0,1.0,0.8698001080497029,0.7552674230145867,0.0,-0.44181072892532525,5611.0,0.6158833063209076,0.021609940572663425,0.0021609940572663426,0.0
10,1030,127,242,0.1917465170280553,1602,1408,12.0,11.0,4.0,663.0,20.0,3.0,6.0,1.0,0.873024523160763,0.7673024523160763,0.0,0.7915632754342432,6045.0,0.5613079019073569,0.020708446866485014,0.006539509536784741,0.0
11,1066,131,264,0.2018258236592112,1434,1217,17.0,15.0,5.0,974.0,19.0,2.0,4.0,1.0,0.8361516034985422,0.7096209912536443,0.0,0.4178621008792226,8644.0,0.6215743440233236,0.006997084548104956,0.009912536443148687,0.0
12,1055,125,271,0.9180161781909756,1450,1323,7.0,5.0,4.0,663.0,16.0,2.0,6.0,1.0,0.8290451686678102,0.7564322469982847,0.0,0.9992699039772346,150610326.0,0.6032018296169239,0.008004574042309892,0.004002287021154946,0.0
13,1034,123,312,1.1905403241340309,1579,1538,13.0,11.0,18.0,2683.0,10.0,2.0,3.0,1.0,0.7766847024102311,0.7565174618789966,0.0,-1.3610548100186988e-05,1780383848.0,0.5086079685194295,0.024102311854402363,0.006394490900147565,0.07692307692307693
14,1108,177,321,0.6048295935984063,1776,1358,11.0,9.0,11.0,2419.0,17.0,3.0,3.0,1.0,0.7803163444639719,0.5966608084358523,0.0,0.3472611099145667,13929.0,0.4868189806678383,0.024165202108963092,0.0048330404217926184,0.0
15,1072,191,268,0.3649764819656713,1806,1396,12.0,9.0,8.0,2516.0,15.0,3.0,6.0,1.0,0.7991150442477876,0.6176991150442478,0.0,0.17483677064980827,9649.0,0.4743362831858407,0.046460176991150445,0.005309734513274336,0.0
16,1003,126,315,0.5896063076306696,1657,1446,9.0,7.0,17.0,2109.0,16.0,3.0,5.0,1.0,0.8612266112266113,0.7515592515592515,0.0,-0.12827898364365806,9721.0,0.5213097713097713,0.0446985446985447,0.004677754677754678,0.0
17,1003,139,279,0.5009522786911796,1604,1356,10.0,9.0,10.0,914.0,20.0,1.0,5.0,1.0,0.8428796636889122,0.7125591171833946,0.0,0.6330559318753629,15501.0,0.5270625328428796,0.03573305307409354,0.005254860746190226,0.0
18,892,145,289,0.3043887001720827,1826,1673,12.0,9.0,63.0,1216.0,18.0,3.0,8.0,1.0,0.8584861307005172,0.7865538316878232,0.0,-0.04893675563067489,25441.0,0.41937000470145747,0.0028208744710860366,0.005641748942172073,0.0
19,948,112,255,2.7016755707445985,2752,2689,6.0,4.0,118.0,6023.0,12.0,2.0,4.0,1.0,0.8937966872361156,0.8733354985384866,0.0,-0.18639484525192776,47335.0,0.3078921727833712,0.0035725885027606367,0.001948684637869438,0.0
20,1038,168,336,1.4201817450365184,3074,2954,11.0,8.0,417.0,62294333.0,13.0,3.0,3.0,1.0,0.8985676702718504,0.8634902075416545,0.0,-0.3845155376381653,10132428.0,0.3034200526161941,0.02572347266881029,0.003215434083601286,0.0
21,1055,137,280,0.3258504611210372,2629,2465,7.0,6.0,45.0,3185.0,17.0,8.0,2.0,1.0,0.9021962937542896,0.8459162663006177,0.0,-0.0927824157244003,18926.0,0.3620452985586822,0.005147563486616335,0.0024021962937542897,0.0
22,1036,156,325,0.7229392386995782,2145,1942,50.0,11.0,22.0,3796.0,8.0,5.0,3.0,1.0,0.8240491740299655,0.746062235881675,0.0,-0.053803459602906195,61799.0,0.3980023050326546,0.002305032654629274,0.01920860545524395,0.44
23,1125,129,451,0.3888183865577552,1764,1584,13.0,8.0,19.0,1390.0,15.0,1.0,2.0,1.0,0.8368121442125237,0.7514231499051234,0.0,-0.3023213638012332,22056.0,0.5336812144212524,0.03652751423149905,0.006166982922201139,0.38461538461538464
24,1069,133,454,0.323291363201596,1804,1592,8.0,7.0,10.0,914.0,15.0,3.0,0.0,0.0,0.8541666666666666,0.7537878787878788,0.0,0.26625766871165646,8150.0,0.506155303030303,0.04024621212121212,0.003787878787878788,0.0
25,1032,122,362,0.5255768033319539,1636,1508,9.0,8.0,44.0,59498.0,12.0,4.0,5.0,1.0,0.854308093994778,0.787467362924282,0.0,0.99951801560685,246327478.0,0.5389033942558746,0.005221932114882507,0.004699738903394256,0.0
26,998,118,376,0.3302969272527317,1595,1408,12.0,8.0,15.0,1054.0,15.0,0.0,4.0,1.0,0.8421330517423442,0.7434002111932418,0.0,-0.14137447405329592,42780.0,0.5269271383315733,0.0015839493136219642,0.006335797254487857,0.0
27,1084,125,618,0.4136427657808408,2067,1614,6.0,5.0,13.0,1110.0,15.0,4.0,7.0,1.0,0.7829545454545455,0.6113636363636363,0.0,0.01169445135605872,8038.0,0.4106060606060606,0.017045454545454544,0.0022727272727272726,0.0
28,1152,149,395,0.3668981640228766,1766,1601,4.0,4.0,11.0,3010.0,14.0,4.0,3.0,1.0,0.8568655992236778,0.7768073750606501,0.0,-0.12456862963375265,44915.0,0.5589519650655022,0.022804463852498787,0.0019408054342552159,0.0
29,1157,154,283,0.2666239719466859,1682,1500,12.0,11.0,18.0,1943.0,18.0,3.0,2.0,1.0,0.8621219887237315,0.7688364941055869,0.0,-0.12376710149538657,9429.0,0.593029215786776,0.004100461301896463,0.006150691952844695,0.0
30,1122,135,275,0.3000627737778883,1610,1425,5.0,4.0,15.0,1737.0,17.0,7.0,5.0,1.0,0.8482613277133825,0.7507903055848262,0.0,0.028646320913686577,5341.0,0.5911485774499473,0.022655426765015807,0.0026343519494204425,0.0
31,1055,139,347,0.327399457606037,1699,1424,6.0,5.0,6.0,1590.0,18.0,1.0,1.0,1.0,0.8235579253514299,0.6902569074163839,0.0,-0.45929111671362893,6743.0,0.5113911778962675,0.015026660203587009,0.00290838584585555,0.0
32,1042,136,360,2.3294656780494494,1641,1484,17.0,8.0,411.0,62304287.0,14.0,4.0,3.0,1.0,0.7806850618458611,0.7059942911512845,0.0,-0.050619493358446406,5731942.0,0.49571836346336823,0.003330161750713606,0.008087535680304472,0.0
33,1041,161,336,0.6255017221996697,1675,1449,11.0,8.0,20.0,960.0,14.0,0.0,1.0,1.0,0.8519837232960326,0.737029501525941,0.0,0.14835672858703874,11897.0,0.529501525940997,0.00254323499491353,0.005595116988809766,0.0
34,5641,141,404,0.3031113245002989,74726,76668,19.0,8.0,192.0,15745900.0,10.0,3.0,0.0,0.0,0.969296823317292,0.9944871778241864,0.0,0.9995601752243848,2551743472.0,0.07317136445591688,0.00038914038888096194,0.00024645557962460924,0.10526315789473684
35,5144,160,306,1.3485707659625783,26017,25953,14.0,7.0,11.0,1675.0,14.0,6.0,1.0,1.0,0.9857911488329796,0.9833661715671416,0.0,0.9999998173106868,42542170989.0,0.19490754774173993,0.0020460745680509246,0.0005304637769020915,0.2857142857142857
36,1089,119,385,0.7409577311578439,1659,1468,24.0,8.0,44.0,3239.0,8.0,3.0,0.0,0.0,0.8233250620347394,0.7285359801488833,0.0,-0.17130977130977132,38480.0,0.5404466501240694,0.001488833746898263,0.011910669975186104,0.08333333333333333
37,1086,149,416,0.7102964227569515,1702,1389,20.0,8.0,18.0,2580.0,15.0,4.0,0.0,0.0,0.7979371776840132,0.6511954992967651,0.0,0.044324672190491514,12431.0,0.509142053445851,0.008438818565400843,0.009376465072667605,0.3
38,620,92,316,12.146539665656116,981,946,5.0,3.0,129.0,12820.0,6.0,0.0,2.0,1.0,0.7129360465116279,0.6875,0.0,-0.1600063633471206,62860.0,0.45058139534883723,0.0029069767441860465,0.003633720930232558,0.2
40,27,12,23,0.1567013099275786,33,29,3.0,2.0,0.0,0.0,0.0,1.0,2.0,1.0,0.8048780487804879,0.7073170731707317,0.0,0.10071942446043165,556.0,0.6585365853658537,0.024390243902439025,0.07317073170731707,0.0
41,958,134,389,1.086601677007376,1622,1418,8.0,7.0,8.0,285.0,20.0,5.0,1.0,1.0,0.8781808337845154,0.7677314564158094,0.0,0.672208465982785,8481.0,0.5186789388197076,0.005955603681645912,0.004331348132106118,0.0
42,1007,138,388,0.5063397013298319,2017,1844,15.0,10.0,32.0,4559.0,13.0,5.0,0.0,0.0,0.8901147396293028,0.8137687555163283,0.0,-0.3521549567579158,13991.0,0.4443954104148279,0.02736098852603707,0.006619593998234775,0.0
43,939,124,296,0.5313213820614995,1446,1226,22.0,7.0,11.0,634.0,20.0,3.0,0.0,0.0,0.8206583427922814,0.695800227014756,0.0,0.5245968068725181,12339.0,0.5329171396140749,0.0170261066969353,0.012485811577752554,0.045454545454545456
44,973,116,369,1.113161373695047,1906,1781,8.0,7.0,52.0,31099756.0,15.0,2.0,0.0,0.0,0.8811835413777162,0.8233934350439205,0.0,-0.9704927485992181,1200044.0,0.44983818770226536,0.007397133610725843,0.0036985668053629217,0.125
69,59,14,34,13.154888300413496,58,84,6.0,4.0,1.0,162.0,1.0,0.0,2.0,1.0,0.5,0.7241379310344828,0.0,0.0498238550578762,1987.0,0.5086206896551724,0.0,0.05172413793103448,0.0
70,974,144,345,2.9423897230315963,1400,1284,18.0,6.0,11.0,20543.0,17.0,5.0,1.0,1.0,0.7261410788381742,0.6659751037344398,0.0,-0.25083935755119324,66122.0,0.5051867219917012,0.019190871369294607,0.00933609958506224,0.05555555555555555
71,980,223,248,1.139605466269638,1690,1553,10.0,6.0,33.0,5615.0,16.0,7.0,0.0,0.0,0.7986767485822306,0.7339319470699432,0.0,0.9999862614372733,4788419379.0,0.46313799621928164,0.024102079395085067,0.004725897920604915,0.0
72,888,170,293,1.132477088061642,1808,1646,15.0,8.0,141.0,31106711.0,12.0,1.0,0.0,0.0,0.7992926613616269,0.7276746242263483,0.0,-0.9208874915327889,1486617.0,0.3925729442970822,0.016357206012378427,0.006631299734748011,0.0
73,920,202,326,0.4875332266552497,1802,1497,81.0,48.0,9.0,2678.0,15.0,3.0,0.0,0.0,0.7467882304185661,0.6203895565685869,0.0,-0.007683095347766006,54275.0,0.38126813095731454,0.01077496891835889,0.033568172399502695,0.012345679012345678
74,536,104,244,2.111461652531056,850,726,7.0,4.0,41.0,6550.0,4.0,2.0,0.0,0.0,0.7685352622061483,0.6564195298372514,0.0,-0.13912115281978296,44968.0,0.484629294755877,0.014466546112115732,0.006329113924050633,0.0
75,27,10,20,0.4964807331562042,27,21,2.0,2.0,4.0,4474.0,0.0,1.0,1.0,1.0,0.7105263157894737,0.5526315789473685,0.0,-0.7249055853707016,5031.0,0.7105263157894737,0.10526315789473684,0.05263157894736842,0.0
76,876,146,353,1.2607330062505229,1416,1151,8.0,6.0,29.0,2141.0,14.0,4.0,1.0,1.0,0.7853577371048253,0.6383804769828064,0.0,0.05262172284644195,21360.0,0.4858569051580699,0.017193566278424846,0.004437049362174155,0.0
77,10,3,11,0.1070846148899623,12,9,1.0,1.0,5.0,425.0,0.0,2.0,0.0,0.0,0.75,0.5625,0.0,0.0,0.0,0.625,0.25,0.0625,0.0
78,944,119,291,0.2858693861063554,1385,1193,7.0,7.0,12.0,2123.0,16.0,2.0,0.0,0.0,0.8455433455433455,0.7283272283272283,0.0,-0.4205031661817559,5843.0,0.5763125763125763,0.03785103785103785,0.004273504273504274,0.0
79,349,58,157,0.1242295213313918,498,386,1.0,1.0,2.0,320.0,6.0,1.0,0.0,0.0,0.7980769230769231,0.6185897435897436,0.0,0.6574719612003638,6598.0,0.5592948717948718,0.014423076923076924,0.0016025641025641025,0.0
105,57,16,35,0.6071217678211354,63,46,5.0,4.0,1.0,17.0,1.0,0.0,2.0,1.0,0.6774193548387096,0.4946236559139785,0.0,0.05601317957166392,2428.0,0.6129032258064516,0.010752688172043012,0.053763440860215055,0.0
106,1121,154,279,0.6318055053603867,1708,1419,15.0,8.0,11.0,1080.0,15.0,5.0,2.0,1.0,0.8121730860675226,0.6747503566333809,0.0,0.11319904309537843,57686.0,0.5330480266286258,0.0028530670470756064,0.007132667617689016,0.0
107,2662,98,206,20.651058821316223,1589,40008,14.0,8.0,63.0,9816.0,9.0,2.0,0.0,0.0,0.0391823248014992,0.9865364698919958,0.0,-0.2204491543698592,64922.0,0.06564087389653302,0.0004438526409232135,0.00034521872071805495,0.0
108,3789,185,894,21.04509499531268,2171,67920,8.0,6.0,2.0,183.0,21.0,5.0,0.0,0.0,0.0316855670855408,0.9912868339244276,0.0,0.09422901730898721,50494.0,0.05530014448968869,0.0003648729512383788,0.00011675934439628121,0.0
109,891,111,233,0.8647958578405429,1226,1052,10.0,7.0,46.0,3979.0,14.0,2.0,0.0,0.0,0.7945560596241089,0.6817887232663642,0.0,0.10904206691889003,71101.0,0.577446532728451,0.008425145819831496,0.0064808813998703824,0.0
110,790,125,263,0.6883141189318213,1205,1037,9.0,6.0,15.0,2377.0,16.0,2.0,0.0,0.0,0.8011968085106383,0.6894946808510638,0.0,-0.00025525087514585763,54848.0,0.5252659574468085,0.0026595744680851063,0.005984042553191489,0.0
111,802,130,266,0.7894058589307656,1246,998,16.0,9.0,11.0,3308.0,17.0,4.0,0.0,0.0,0.7653562653562653,0.6130221130221131,0.5,-0.045793355779148746,51383.0,0.4926289926289926,0.015356265356265357,0.009828009828009828,0.0
112,253,75,125,1.5002336848954685,539,456,7.0,5.0,5.0,1424.0,6.0,3.0,0.0,0.0,0.8032786885245902,0.6795827123695977,0.0,-0.013140775435857403,15372.0,0.3770491803278688,0.0029806259314456036,0.010432190760059613,0.0
113,786,162,384,0.7587061643600463,1580,1521,14.0,11.0,320.0,70699.0,15.0,4.0,1.0,1.0,0.7570675610924772,0.7287973167225683,0.0,-0.2068489505372052,240504.0,0.3766171538092956,0.007187350263536177,0.006708193579300431,0.0
114,744,153,236,1.0866462021176495,1148,977,6.0,5.0,19.0,1514.0,14.0,2.0,0.0,0.0,0.7602649006622516,0.6470198675496689,0.0,-0.02082716414963972,60786.0,0.49271523178807947,0.009933774834437087,0.003973509933774834,0.0
115,794,116,502,0.9574978067644812,1482,1362,7.0,7.0,313.0,33364.0,12.0,4.0,0.0,0.0,0.7197668771248179,0.661486158329286,0.0,-0.04920636361161278,220378.0,0.3856240893637688,0.009713453132588635,0.003399708596406022,0.0
116,696,110,529,0.1784279923407591,8797,8724,5.0,5.0,430.0,227339.0,16.0,5.0,0.0,0.0,0.9344593159124708,0.9267049075844488,0.0,0.17429712705484712,390540.0,0.07393244104525175,0.0010622477161674102,0.0005311238580837051,0.0
117,733,128,396,0.7650211597949498,1266,1052,15.0,11.0,15.0,2823.0,19.0,2.0,2.0,1.0,0.7809993830968538,0.64898210980876,0.0,0.01818048125884667,54399.0,0.4521900061690315,0.006169031462060457,0.009253547193090685,0.0
118,741,120,336,0.7842178659579943,1324,1050,9.0,8.0,35.0,5479.0,13.0,7.0,0.0,0.0,0.7492925863044708,0.5942275042444821,0.0,-0.13372152765884568,58390.0,0.41935483870967744,0.013016411997736276,0.0050933786078098476,0.0
119,814,120,301,0.964932407765732,1301,1079,43.0,10.0,74.0,7288.0,16.0,6.0,0.0,0.0,0.7371104815864022,0.6113314447592068,0.0,-0.0751978200492585,76332.0,0.46118980169971674,0.024929178470254956,0.024362606232294616,0.0
120,933,126,294,0.512582577546192,1407,1187,5.0,4.0,54.0,5713.0,12.0,2.0,0.0,0.0,0.7764900662251656,0.6550772626931567,0.0,-0.08724305452183445,73897.0,0.5149006622516556,0.009381898454746136,0.0027593818984547464,0.0
121,1103,141,470,1.1804500717392512,1800,1838,13.0,10.0,532.0,12143.0,13.0,4.0,0.0,0.0,0.6974041069352964,0.7121270825261526,0.0,0.07436675702532972,295858.0,0.4273537388609066,0.00581170089112747,0.005036807438977141,0.0
122,1037,117,291,0.7408308703830883,1525,1320,11.0,10.0,37.0,3304.0,15.0,2.0,1.0,1.0,0.7934443288241415,0.6867845993756504,0.0,0.019115488133104968,65392.0,0.5395421436004162,0.0036420395421436005,0.005723204994797087,0.0
123,954,91,316,0.4476914826867192,1441,1277,6.0,5.0,9.0,302.0,20.0,5.0,0.0,0.0,0.8315060588574726,0.7368724754760531,0.0,0.05375052549396433,49953.0,0.5504904789382573,0.004039238315060588,0.003462204270051933,0.0
124,959,102,320,0.8090077742324886,1397,1240,4.0,3.0,44.0,4131.0,15.0,4.0,1.0,1.0,0.8051873198847262,0.7146974063400576,0.0,0.07879019682838566,67978.0,0.5527377521613833,0.00345821325648415,0.0023054755043227667,0.0
125,1130,117,322,0.4119382834527039,1583,1447,9.0,7.0,41.0,3832.0,16.0,2.0,0.0,0.0,0.839787798408488,0.7676392572944297,0.0,-0.08678578107202965,58823.0,0.5994694960212201,0.008488063660477453,0.004774535809018567,0.0
126,1102,109,284,0.420841189286181,1626,1483,8.0,7.0,39.0,4005.0,17.0,7.0,0.0,0.0,0.8359897172236503,0.7624678663239075,0.0,-0.07965707542258166,57622.0,0.5665809768637532,0.009768637532133676,0.004113110539845758,0.0
127,1190,112,343,0.611389635403951,1774,1540,9.0,8.0,123.0,11568.0,13.0,3.0,0.0,0.0,0.7884444444444444,0.6844444444444444,0.0,-0.07180609325029456,89115.0,0.5288888888888889,0.012444444444444444,0.004,0.0
128,1202,110,526,0.6008599167560744,2000,1773,6.0,6.0,153.0,9693.0,6.0,2.0,1.0,1.0,0.819672131147541,0.726639344262295,0.0,0.16567514526494015,129935.0,0.4926229508196721,0.006147540983606557,0.002459016393442623,0.0
129,1220,119,335,0.9063806361065502,1724,1769,11.0,8.0,224.0,7185.0,9.0,2.0,1.0,1.0,0.7800904977375566,0.8004524886877828,0.0,0.1195209405566261,163988.0,0.5520361990950227,0.0009049773755656109,0.004977375565610859,0.0
130,1200,117,353,0.2783818310296878,1693,1526,5.0,5.0,43.0,1216.0,17.0,3.0,0.0,0.0,0.8682051282051282,0.7825641025641026,0.0,-0.9999645444359011,1156771893.0,0.6153846153846154,0.008717948717948718,0.002564102564102564,0.0
131,1074,119,341,0.4532487289334456,1548,1446,11.0,9.0,158.0,6235.0,9.0,1.0,1.0,1.0,0.8134524435102469,0.7598528638991067,0.0,0.409144040978076,105227.0,0.5643720441408303,0.009458749343142408,0.005780346820809248,0.0
132,1134,119,334,0.4386254139269813,1562,1474,6.0,5.0,73.0,2580.0,5.0,4.0,0.0,0.0,0.83663631494376,0.7895018746652384,0.0,0.0029684775950619613,42446.0,0.6073915372254954,0.0021424745581146223,0.0032137118371719335,0.0
133,1172,134,355,0.7232820995482702,1660,1515,10.0,9.0,85.0,6794.0,8.0,3.0,0.0,0.0,0.8295852073963018,0.7571214392803598,0.0,0.41677178342712984,82448.0,0.5857071464267866,0.004997501249375313,0.004997501249375313,0.0
134,1077,115,336,0.7297364164226062,1642,1497,5.0,5.0,79.0,7147.0,10.0,3.0,0.0,0.0,0.7924710424710425,0.7224903474903475,0.0,0.006441778127458694,81344.0,0.5197876447876448,0.006274131274131274,0.002413127413127413,0.0
135,932,99,324,0.5896161261285532,1391,1209,9.0,7.0,23.0,2024.0,16.0,1.0,0.0,0.0,0.7858757062146893,0.6830508474576271,0.0,-0.054759545766328785,52484.0,0.5265536723163842,0.007344632768361582,0.005084745762711864,0.0
136,959,119,374,0.6294609222341986,1437,1257,7.0,7.0,38.0,3051.0,17.0,2.0,0.0,0.0,0.7908640616400661,0.6917996697853604,0.0,0.07560289516103542,63278.0,0.5277930654925702,0.011557512383048982,0.003852504127682994,0.0
137,1066,97,516,0.8710643774679956,1651,1544,7.0,7.0,15.0,404.0,17.0,2.0,0.0,0.0,0.8372210953346856,0.7829614604462475,0.0,0.16296512760568868,61596.0,0.5405679513184585,0.010141987829614604,0.0035496957403651115,0.0
138,1199,106,556,1.8039360884073616,1810,3704,11.0,7.0,4062.0,69964.0,13.0,4.0,0.0,0.0,0.4336367992333493,0.8873981792046,0.0,0.11666224127626271,2011122.0,0.28725443219932917,0.005270723526593196,0.002635361763296598,0.2727272727272727
139,1207,110,375,0.4404066317374049,1756,1606,10.0,10.0,11.0,2018.0,18.0,6.0,0.0,0.0,0.849540396710208,0.7769714562167392,0.0,0.08866813833701251,54360.0,0.5839380745041123,0.008708272859216255,0.004837929366231253,0.0
140,1079,107,368,0.4597540215245619,1623,1490,12.0,12.0,21.0,3821.0,12.0,4.0,0.0,0.0,0.8284839203675345,0.7605921388463501,0.0,0.03187872616486278,60887.0,0.5507912200102093,0.02041858090862685,0.006125574272588055,0.0
141,1130,93,451,0.6694189188228136,1669,1567,9.0,9.0,34.0,1322.0,14.0,4.0,0.0,0.0,0.8246047430830039,0.7742094861660079,0.0,0.11617420905684041,66977.0,0.558300395256917,0.012845849802371542,0.004446640316205534,0.0
142,1460,94,386,0.4374323624089224,1974,1881,6.0,6.0,135.0,3838.0,17.0,0.0,0.0,0.0,0.8403575989782887,0.8007662835249042,0.0,0.011304853240337111,68820.0,0.6215410813111962,0.011919965942954448,0.002554278416347382,0.0
143,1411,94,397,0.4925785837814464,1889,1873,8.0,8.0,29.0,2023.0,16.0,3.0,0.0,0.0,0.8274200613228209,0.8204117389399912,0.0,0.02433048293435915,81626.0,0.6180464301357862,0.012264564169951819,0.003504161191414805,0.0
144,1322,108,424,0.5136496153525185,1890,1860,39.0,8.0,125.0,2720.0,19.0,4.0,0.0,0.0,0.7723743359215366,0.760114425827544,0.0,0.04313119356700547,102223.0,0.5402533714752759,0.012259910093992644,0.015937883122190438,0.0
145,1278,85,380,0.683281824547363,2283,2310,5.0,5.0,281.0,31104253.0,12.0,1.0,0.0,0.0,0.8203377650017967,0.8300395256916996,0.0,-0.985002215319293,14370389.0,0.45921667265540783,0.0032339202299676607,0.0017966223499820337,0.0
146,1252,101,387,0.2332693408031785,2441,2285,6.0,5.0,15.0,1500.0,14.0,5.0,0.0,0.0,0.9037393557941504,0.8459829692706405,0.0,0.22908297376382483,20163.0,0.4635320251758608,0.0037023324694557573,0.0022213994816734544,0.0
147,1252,110,351,1.6522373623019146,1748,1602,324.0,8.0,28.0,1749.0,17.0,7.0,0.0,0.0,0.8100092678405931,0.742354031510658,0.0,0.1301888112587084,100047.0,0.5801668211306765,0.0037071362372567192,0.15013901760889714,0.4444444444444444
148,1103,102,417,0.4471879682334095,2013,1883,8.0,8.0,13.0,1850.0,15.0,4.0,0.0,0.0,0.8635778635778636,0.8078078078078078,0.0,0.012511052997949317,53153.0,0.4731874731874732,0.013299013299013299,0.003432003432003432,0.0
149,1103,101,442,0.3694640570211065,2397,2254,5.0,5.0,9.0,2682.0,16.0,3.0,0.0,0.0,0.8809261300992283,0.8283719220874678,0.0,0.014413800930654863,52866.0,0.4053656743844175,0.009187798603454611,0.0018375597206909224,0.0
150,1025,91,491,0.5299653098765729,1661,1552,6.0,6.0,32.0,3422.0,15.0,1.0,0.0,0.0,0.8414387031408308,0.7862208713272543,0.0,-0.1190459288705899,56348.0,0.5192502532928065,0.009625126646403243,0.00303951367781155,0.0
151,864,88,474,0.7597531372895684,1416,1334,7.0,7.0,74.0,2821.0,12.0,4.0,0.0,0.0,0.80868075385494,0.7618503712164477,0.0,0.04552194157583955,76886.0,0.4934323243860651,0.0034266133637921186,0.003997715591090805,0.0
152,878,104,352,0.8217061980419568,1364,1203,15.0,5.0,53.0,2406.0,11.0,3.0,0.0,0.0,0.7632904308897593,0.6731952993844432,0.0,0.9995167651404371,144989540.0,0.49132624510352546,0.008393956351426972,0.008393956351426972,0.4666666666666667
153,878,115,370,1.0265134806742804,1460,1310,97.0,10.0,14.0,1660.0,18.0,4.0,0.0,0.0,0.7460398569238631,0.6693919264179867,0.0,0.13582062120933652,59851.0,0.44864588656106286,0.009197751660705161,0.049565661727133364,0.15463917525773196
154,1001,124,518,2.3600021396736497,1672,1542,40.0,12.0,25.0,2359.0,16.0,5.0,1.0,1.0,0.798090692124105,0.7360381861575179,0.0,0.9999928045385571,8110668157.0,0.4778042959427208,0.00477326968973747,0.01909307875894988,0.6
155,1060,101,682,0.7133585900776329,1871,1747,11.0,8.0,48.0,3946.0,12.0,2.0,0.0,0.0,0.8315555555555556,0.7764444444444445,0.0,-0.0631732816422511,62938.0,0.4711111111111111,0.0044444444444444444,0.004888888888888889,0.0
156,1126,108,1519,0.5216589291849476,3796,3871,4.0,4.0,180.0,17997.0,11.0,2.0,0.0,0.0,0.8782970846830171,0.8956501619620546,0.0,0.999254376867781,188516147.0,0.26052753354928276,0.013651087459509487,0.0009254974548819991,0.0
157,1132,97,645,1.4456712328826462,1980,1811,7.0,6.0,85.0,6182.0,12.0,4.0,0.0,0.0,0.8198757763975155,0.749896480331263,0.4285714285714285,0.9999862196164975,6265427953.0,0.46873706004140786,0.0037267080745341614,0.002898550724637681,0.0
158,1253,88,466,0.5159216623281632,1945,1831,6.0,6.0,24.0,1802.0,16.0,3.0,0.0,0.0,0.8702460850111857,0.8192393736017897,0.0,-0.015363369583980666,52137.0,0.5606263982102908,0.0022371364653243847,0.0026845637583892616,0.0
159,1298,107,335,1.0656753346655103,1766,1694,25.0,9.0,113.0,1598840.0,11.0,4.0,0.0,0.0,0.8202508128193219,0.786809103576405,0.0,0.9467121815627172,1706694.0,0.6028797027403623,0.006038086391082211,0.011611704598235021,0.0
160,1218,106,360,0.6061473444379648,1682,1568,4.0,4.0,15.0,2487.0,15.0,5.0,1.0,1.0,0.8431077694235589,0.7859649122807018,0.4615384615384615,-0.0011301082716634464,54862.0,0.6105263157894737,0.004511278195488722,0.0020050125313283208,0.0
161,1089,106,546,1.1532996377865117,1749,3000,6.0,6.0,1933.0,238159.0,11.0,4.0,0.0,0.0,0.5112540192926045,0.8769365682548962,0.0,-0.10662647572242166,1073542.0,0.3183279742765273,0.003215434083601286,0.0017538731365097924,0.0
162,1561,94,443,0.4523423647115212,2453,2349,7.0,7.0,15.0,1428.0,14.0,4.0,0.0,0.0,0.8861994219653179,0.8486271676300579,0.0,-0.059854703591956444,59327.0,0.5639450867052023,0.001445086705202312,0.0025289017341040463,0.0
163,1517,102,384,0.3252655380102969,2411,2339,5.0,5.0,36.0,3272.0,19.0,0.0,0.0,0.0,0.8825036603221084,0.8561493411420205,0.0,-0.08949763847144697,58225.0,0.5552708638360175,0.004026354319180088,0.0018301610541727673,0.0
164,1319,97,471,0.4628342155598035,2078,1939,4.0,3.0,12.0,1544.0,13.0,4.0,0.0,0.0,0.8709136630343671,0.8126571668063705,0.0,0.08293623367647594,54982.0,0.5528080469404861,0.003352891869237217,0.0016764459346186086,0.0
165,1188,97,565,0.9410109780505744,2020,1886,8.0,8.0,27.0,1054.0,18.0,5.0,0.0,0.0,0.8476710029374738,0.7914393621485523,0.0,0.9999345495129626,853683487.0,0.4985312631137222,0.00209819555182543,0.003357112882920688,0.0
166,1155,95,535,0.4400294030899609,1883,1742,6.0,6.0,12.0,1734.0,18.0,2.0,0.0,0.0,0.8531943815133666,0.7893067512460353,0.0,0.019132703482626398,50594.0,0.5233348436792026,0.0031717263253285004,0.002718622564567286,0.0
167,1215,109,978,0.6027031692195929,2408,2275,9.0,8.0,37.0,3155.0,13.0,4.0,0.0,0.0,0.8618468146027202,0.8142448103078024,0.0,0.0588096814536894,67965.0,0.4348604151753758,0.003937007874015748,0.0032211882605583395,0.0
168,1241,100,967,0.4949750705392577,2385,2240,6.0,6.0,13.0,2449.0,15.0,5.0,1.0,1.0,0.8885991058122206,0.834575260804769,0.0,0.09650590800750546,59157.0,0.46236959761549923,0.004470938897168405,0.0022354694485842027,0.0
169,2053,93,824,0.2830513421560539,3035,2919,8.0,5.0,22.0,758.0,20.0,2.0,0.0,0.0,0.9133313271140536,0.8784231116461029,0.0,0.1132491895992827,57996.0,0.6178152272043335,0.0024074631357207344,0.0024074631357207344,0.0
170,1904,97,546,0.3010897875398917,2642,2497,10.0,8.0,11.0,1972.0,14.0,5.0,0.0,0.0,0.920236851271334,0.8697318007662835,0.0,0.06200676437429538,17740.0,0.6631835597352839,0.0024381748519679554,0.0034831069313827935,0.0
171,1923,103,618,0.3278365473855625,2681,2534,6.0,5.0,15.0,1253.0,12.0,2.0,0.0,0.0,0.8862809917355372,0.8376859504132231,0.0,0.003875349580503396,50060.0,0.6357024793388429,0.001652892561983471,0.0019834710743801653,0.0
172,1597,81,688,1.0254632945471829,2440,2408,7.0,5.0,117.0,3361.0,11.0,2.0,0.0,0.0,0.8664772727272727,0.8551136363636364,0.0,-0.05298028018202909,89656.0,0.5671164772727273,0.0014204545454545455,0.0024857954545454545,0.0
173,1454,107,863,0.5226470814425336,2550,2303,5.0,5.0,11.0,947.0,20.0,3.0,0.0,0.0,0.8685286103542235,0.784400544959128,0.0,0.11626809884965708,55114.0,0.4952316076294278,0.0006811989100817438,0.0017029972752043597,0.0
174,1388,106,1140,0.4414389974059612,2784,2632,10.0,7.0,25.0,914.0,17.0,4.0,0.0,0.0,0.8911651728553137,0.8425096030729834,0.0,0.08065012831479898,58450.0,0.44430217669654287,0.0009603072983354673,0.003201024327784891,0.0
175,1419,105,1100,0.5646304750087979,2747,2570,6.0,6.0,7.0,566.0,18.0,4.0,0.0,0.0,0.9066006600660066,0.8481848184818482,0.0,0.20446491243087775,58411.0,0.46831683168316834,0.0006600660066006601,0.0019801980198019802,0.0
176,1226,99,455,0.4786815993966708,1758,1622,8.0,6.0,13.0,1561.0,15.0,7.0,0.0,0.0,0.8613424791768741,0.7947084762371387,0.0,0.045296433622567946,52322.0,0.600685938265556,0.004409603135717786,0.0039196472317491425,0.0
177,1129,91,352,0.5534488398929117,1544,1452,7.0,7.0,52.0,6398.0,17.0,2.0,0.0,0.0,0.8544548976203652,0.8035417819590481,0.0,-0.999905086923912,845152252.0,0.624792473713337,0.002767017155506364,0.00387382401770891,0.0
178,1161,97,379,0.7556063415349755,1635,1521,5.0,4.0,84.0,6288.0,10.0,3.0,0.0,0.0,0.8312150482968989,0.7732587697000508,0.0,-0.052006659656501926,136944.0,0.5902389425521098,0.0035587188612099642,0.002541942043721403,0.0
179,1088,89,230,2.0275569134002747,1472,1375,9.0,8.0,153.0,46668810.0,14.0,6.0,0.0,0.0,0.8241881298992161,0.7698768197088466,0.0,-0.9846937881109502,12606777.0,0.6091825307950728,0.0033594624860022394,0.005039193729003359,0.0
180,1021,87,198,0.619457844395258,1281,1177,4.0,4.0,15.0,698.0,14.0,0.0,0.0,0.0,0.8133333333333334,0.7473015873015874,0.0,-0.0041141115719969526,59065.0,0.6482539682539683,0.0031746031746031746,0.0025396825396825397,0.0
181,1029,93,385,0.6176282266974847,1531,1410,15.0,8.0,17.0,2318.0,13.0,4.0,0.0,0.0,0.8444567015995588,0.7777164920022063,0.0,-0.21074125443057481,77868.0,0.5675675675675675,0.006618863761720904,0.00827357970215113,0.0
182,1072,90,1004,0.4310857659947555,2309,2168,5.0,5.0,16.0,1293.0,19.0,8.0,0.0,0.0,0.8833205814843152,0.8293802601377199,0.0,-0.010658595016425425,69709.0,0.41009946442234124,0.0026778882938026014,0.0019127773527161439,0.0
183,1076,94,873,1.1041489807057756,2098,2000,11.0,8.0,109.0,31150238.0,11.0,2.0,0.0,0.0,0.8459677419354839,0.8064516129032258,0.0,-0.9520472737377087,2677512.0,0.4338709677419355,0.0016129032258064516,0.004435483870967742,0.0
184,1106,112,704,11.374110529618305,2459,2509,9.0,7.0,249.0,6372.0,14.0,1.0,0.0,0.0,0.8001952489424016,0.8164659941425317,0.0,-0.0020441873564164066,158009.0,0.35990888382687924,0.0006508298080052066,0.00292873413602343,0.0
185,956,93,756,0.487211899570807,2049,1887,8.0,8.0,14.0,2188.0,17.0,2.0,0.0,0.0,0.8591194968553459,0.7911949685534592,0.0,0.006406036766476679,62285.0,0.4008385744234801,0.0,0.0033542976939203353,0.0
186,1022,90,385,0.5540691647857681,2028,1982,12.0,11.0,36.0,637.0,17.0,4.0,0.0,0.0,0.8342245989304813,0.8153023447141095,0.0,0.0655153096776838,73189.0,0.4204031262854792,0.0049362402303578775,0.0049362402303578775,0.0
187,950,83,834,1.0827645777181034,2182,2116,8.0,8.0,164.0,46611082.0,16.0,2.0,0.0,0.0,0.8111524163568773,0.7866171003717473,0.0,-0.9924373397234074,18810841.0,0.35315985130111527,0.0018587360594795538,0.002973977695167286,0.0
188,59,9,50,0.5895232165732035,82,77,0.0,0.0,0.0,0.0,0.0,0.0,0.0,0.0,0.8817204301075269,0.8279569892473119,0.0,0.0,1828.0,0.6344086021505376,0.0,0.0,0.0
205,880,105,587,0.497571523299437,1536,1385,23.0,9.0,7.0,38012.0,15.0,3.0,0.0,0.0,0.8411829134720701,0.7584884994523549,0.0,-0.41353636384023684,89182.0,0.4819277108433735,0.002738225629791895,0.012595837897042717,0.0
206,310,35,303,0.529793331899924,588,545,3.0,2.0,2.0,34.0,5.0,0.0,0.0,0.0,0.8698224852071006,0.8062130177514792,0.0,0.000190246047354887,1587418.0,0.45857988165680474,0.0014792899408284023,0.004437869822485207,0.0
209,1012,115,190,0.9408997165587488,1415,1266,8.0,7.0,14.0,1360.0,16.0,3.0,0.0,0.0,0.8127512923607122,0.7271682940838599,0.0,0.06089345713954682,60417.0,0.5812751292360713,0.012062033314187249,0.004595060310166571,0.0
210,1015,89,291,1.1245411320827727,1370,1257,5.0,5.0,31.0,4043.0,16.0,6.0,0.0,0.0,0.805408583186361,0.7389770723104057,0.0,-0.06313577389291589,65668.0,0.5967078189300411,0.005878894767783657,0.0029394473838918285,0.0
211,1064,105,429,0.6286191429529503,1511,1324,15.0,6.0,14.0,2466.0,15.0,3.0,0.0,0.0,0.8062966915688368,0.7065101387406617,0.0,0.018593165559065983,55074.0,0.567769477054429,0.0032017075773745998,0.0080042689434365,0.0
212,85,20,53,0.909840387634084,100,79,0.0,0.0,0.0,0.0,2.0,0.0,0.0,0.0,0.8064516129032258,0.6370967741935484,0.0,1.0,220.0,0.6854838709677419,0.0,0.0,0.0
213,800,75,304,0.5675281470126294,1117,1033,8.0,7.0,22.0,3666.0,11.0,2.0,0.0,0.0,0.8231392778187178,0.7612380250552689,0.0,-0.06404323988023486,51434.0,0.5895357406042742,0.009579955784819455,0.0058953574060427415,0.0
214,1045,87,357,0.7544754337757191,1517,1386,9.0,9.0,42.0,5162.0,15.0,5.0,0.0,0.0,0.8142780461621041,0.7439613526570048,0.0,-0.037921880925293895,73836.0,0.5609232420826624,0.006977992485238862,0.004830917874396135,0.0
215,1045,128,443,0.6901299147852178,1646,1475,6.0,6.0,19.0,2963.0,15.0,3.0,0.0,0.0,0.8254764292878636,0.7397191574724172,0.0,0.056878085246239704,77587.0,0.5240722166499499,0.012537612838515547,0.003009027081243731,0.0
216,1048,98,4424,0.6836769239088916,6071,5911,7.0,5.0,24.0,2662.0,15.0,6.0,0.0,0.0,0.964416203335981,0.9389992057188244,0.6666666666666666,0.1148719915619906,20858.0,0.1664813343923749,0.0012708498808578236,0.0011119936457505957,0.0
217,1000,98,780,0.476521522587216,1889,1767,8.0,7.0,11.0,2562.0,17.0,3.0,0.0,0.0,0.8717120443008768,0.8154130133825566,0.0,-0.06094614605252903,51324.0,0.46146746654360865,0.0046146746654360865,0.0036917397323488694,0.0
218,904,111,803,0.6001169030955945,1818,1706,4.0,4.0,38.0,10008.0,10.0,6.0,0.0,0.0,0.8628381585192216,0.8096820123398196,0.0,-0.09504228930565306,59826.0,0.4290460370194589,0.0028476506881822496,0.0018984337921214998,0.0
219,955,93,604,2.38022702594973,1658,1532,11.0,6.0,97.0,30252.0,13.0,2.0,0.0,0.0,0.821198613174839,0.758791480931154,0.0,0.004709987796391362,99151.0,0.4730064388311045,0.0064388311045071814,0.005448241703813769,0.0
220,951,111,663,1.28376040252538,1728,1653,6.0,3.0,84.0,11830.0,12.0,3.0,0.0,0.0,0.8197343453510436,0.7841555977229602,0.4285714285714285,-0.22750511247443764,97800.0,0.45113851992409865,0.004743833017077799,0.0028462998102466793,0.16666666666666666
221,919,87,620,0.3578068168971035,3103,2947,5.0,5.0,28.0,4982.0,12.0,3.0,0.0,0.0,0.8986388647552852,0.8534607587604981,0.0,0.020905869427293687,64623.0,0.2661453808282653,0.00405444540978859,0.0014480162177816392,0.0
222,887,98,566,0.708259855132976,1550,1413,9.0,9.0,33.0,9586.0,15.0,2.0,0.0,0.0,0.8240297713981924,0.7511961722488039,0.0,-0.13704438830747023,66504.0,0.4715576820839979,0.001594896331738437,0.004784688995215311,0.0
223,975,110,540,0.5269644153336797,1666,1490,9.0,7.0,39.0,13430.0,15.0,3.0,0.0,0.0,0.8223099703849951,0.7354392892398816,0.0,-0.23223638844466615,68159.0,0.48124383020730505,0.004935834155972359,0.004442250740375123,0.0
224,964,120,540,0.5748080609423836,1665,1545,5.0,5.0,34.0,10577.0,13.0,4.0,0.0,0.0,0.8387909319899244,0.7783375314861462,0.0,-0.21066852059599614,63289.0,0.48564231738035263,0.0020151133501259445,0.0025188916876574307,0.0
225,988,91,932,0.6976003888025449,2118,1967,5.0,5.0,37.0,13168.0,11.0,6.0,0.0,0.0,0.8441610203268234,0.7839776803507373,0.375,-0.1473875461102241,72652.0,0.39378238341968913,0.005978477481068154,0.0019928258270227183,0.0
226,919,104,970,1.0325707665950454,2035,1928,5.0,5.0,46.0,12362.0,11.0,1.0,0.0,0.0,0.8500417710944027,0.8053467000835421,0.0,-0.14880984077959422,75116.0,0.3838763575605681,0.0012531328320802004,0.0020885547201336674,0.0
227,882,89,963,0.5277934407135839,1970,1843,6.0,6.0,22.0,4438.0,16.0,1.0,0.0,0.0,0.8678414096916299,0.8118942731277533,0.0,-0.026735565041563693,53412.0,0.38854625550660793,0.0030837004405286344,0.0026431718061674008,0.0
228,906,97,1069,0.3930889217489012,2211,2001,8.0,7.0,12.0,4213.0,18.0,1.0,0.0,0.0,0.8576415826221877,0.7761830876648564,0.0,-0.07342335297082182,57543.0,0.35143522110162917,0.003878975950349108,0.0031031807602792862,0.0
229,932,79,1200,0.4644722020762973,2395,2252,8.0,7.0,40.0,3833.0,15.0,4.0,0.0,0.0,0.886380458919319,0.8334566987416728,0.0,-0.019745082852853715,104583.0,0.3449296817172465,0.0040710584752035525,0.0029607698001480384,0.0
230,956,84,885,0.8269144560927902,1935,1799,7.0,7.0,47.0,8081.0,11.0,2.0,0.0,0.0,0.8516725352112676,0.7918133802816901,0.0,-0.07431004242433328,66707.0,0.42077464788732394,0.0035211267605633804,0.0030809859154929575,0.0
231,1029,83,681,0.647835729832701,1810,1455,4.0,4.0,8.0,1475.0,17.0,4.0,0.0,0.0,0.8513640639698965,0.6843838193791157,0.75,0.1426040193350845,64339.0,0.48400752587017876,0.0023518344308560675,0.0018814675446848542,0.0
232,964,102,645,0.4959374494912065,1778,1598,6.0,6.0,26.0,8166.0,18.0,5.0,0.0,0.0,0.8351338656646313,0.7505871301080319,0.0,-0.0698109738772918,59833.0,0.45279473931423203,0.009394081728511038,0.0028182245185533112,0.0
233,930,81,573,0.6610962586305338,1642,1519,4.0,4.0,19.0,5188.0,13.0,1.0,0.0,0.0,0.8437821171634121,0.7805755395683454,0.0,-0.09081641042505961,60815.0,0.4779033915724563,0.010277492291880781,0.0020554984583761563,0.0
234,904,113,674,0.713070725191367,1826,1597,6.0,6.0,29.0,6287.0,13.0,6.0,0.0,0.0,0.8232642019837692,0.7200180342651037,0.0,-0.03914014004831361,65406.0,0.4075743913435528,0.016230838593327322,0.002705139765554554,0.0
235,970,86,572,0.4193324293826986,1755,1523,12.0,11.0,20.0,2173.0,15.0,2.0,0.0,0.0,0.8223992502343018,0.7136832239925024,0.0,0.9998808497890843,430263611.0,0.45454545454545453,0.014058106841611996,0.005623242736644799,0.0
236,959,100,675,0.4977892491367313,1854,1620,8.0,6.0,16.0,6061.0,14.0,4.0,0.0,0.0,0.8291592128801432,0.7245080500894454,0.0,-0.04242008461148952,61221.0,0.4288908765652952,0.004025044722719142,0.0035778175313059034,0.0
237,1033,116,851,0.5928477081717277,2074,1867,6.0,6.0,18.0,1790.0,14.0,7.0,0.0,0.0,0.8413793103448276,0.7574036511156187,0.0,-0.022881531201233384,53187.0,0.41906693711967546,0.002434077079107505,0.002434077079107505,0.0
238,1029,99,962,0.7313949698987214,2224,2009,6.0,5.0,26.0,20433.0,13.0,7.0,0.0,0.0,0.8446638815039879,0.7630079756931257,0.0,-0.17545990309755444,78223.0,0.39080896315989366,0.0018989745537409798,0.002278769464489176,0.0
239,1017,109,787,0.7253692231307158,1980,1759,7.0,7.0,28.0,625.0,20.0,8.0,0.0,0.0,0.812807881773399,0.7220853858784894,0.0,-0.006033672953248067,55356.0,0.41748768472906406,0.002052545155993432,0.0028735632183908046,0.0
240,969,113,1160,0.5846379079998348,2432,2194,5.0,5.0,19.0,5225.0,13.0,2.0,0.0,0.0,0.8518388791593695,0.7684763572679509,0.0,-3.357006603954384e-05,129430785.0,0.3394045534150613,0.0028021015761821367,0.0017513134851138354,0.0
241,948,88,1466,0.7411411203266609,2811,2604,3.0,3.0,45.0,4610.0,14.0,3.0,0.0,0.0,0.8702786377708979,0.8061919504643963,0.0,0.14086590354863213,75043.0,0.2934984520123839,0.0071207430340557275,0.0009287925696594427,0.0
242,920,116,1173,0.7083774751609417,2343,2059,7.0,7.0,16.0,1594.0,15.0,3.0,0.0,0.0,0.8379828326180258,0.7364091559370529,0.0,-0.05762678057942589,60163.0,0.3290414878397711,0.000715307582260372,0.002503576537911302,0.0
243,894,102,1608,0.620069213500362,2856,2562,4.0,4.0,14.0,1276.0,14.0,3.0,0.0,0.0,0.8607594936708861,0.7721518987341772,0.0,-0.003643448611787628,51325.0,0.2694394213381555,0.0015069318866787222,0.0012055455093429777,0.0
244,910,119,1300,0.6260051504946099,2592,2258,6.0,5.0,54.0,6932.0,12.0,5.0,0.0,0.0,0.8122845502977123,0.7076151676590411,0.0,-0.061526479750778816,82176.0,0.2851770604826073,0.003760576621748668,0.001880288310874334,0.0
245,902,105,962,0.5288702411496121,2094,1744,9.0,9.0,15.0,1293.0,15.0,6.0,0.0,0.0,0.7943854324734446,0.661608497723824,0.0,-0.019173262972735267,51165.0,0.34218512898330805,0.002276176024279211,0.0034142640364188165,0.0
246,893,107,1350,0.56089921607316,2805,2520,5.0,4.0,10.0,2486.0,16.0,3.0,0.0,0.0,0.8604294478527608,0.7730061349693251,0.0,0.09570507105773769,57207.0,0.27392638036809813,0.0036809815950920245,0.0015337423312883436,0.0
247,823,111,995,1.6953053990247124,2088,1859,5.0,5.0,26.0,9055.0,13.0,4.0,0.0,0.0,0.7551537070524412,0.6723327305605786,0.0,-0.05763081502438737,67863.0,0.2976491862567812,0.00216998191681736,0.0018083182640144665,0.0
248,841,113,1257,2.6057806693291177,2453,2230,4.0,4.0,62.0,7556.0,13.0,3.0,0.0,0.0,0.738855421686747,0.6716867469879518,0.0,0.05149007202306606,85667.0,0.2533132530120482,0.002710843373493976,0.0012048192771084338,0.0
249,819,99,1357,2.059687379531284,2500,2342,5.0,5.0,38.0,10140.0,14.0,3.0,0.0,0.0,0.7754342431761787,0.7264267990074442,0.0,0.9999555568359644,1634582091.0,0.2540322580645161,0.003101736972704715,0.0015508684863523574,0.0
250,820,100,1350,1.6622399321570016,2625,2483,4.0,4.0,67.0,14607.0,12.0,3.0,0.0,0.0,0.7784697508896797,0.7363582443653618,0.0,0.024771694533903914,90668.0,0.2431791221826809,0.0005931198102016608,0.0011862396204033216,0.0
251,832,91,1468,2.657890041914686,2501,2368,4.0,3.0,42.0,7241.0,12.0,4.0,0.0,0.0,0.7697753154816867,0.7288396429670668,0.0,0.11987465831055404,89994.0,0.25607879347491536,0.0015389350569405972,0.0012311480455524776,0.0
252,869,96,1302,2.1341322406735435,2296,2204,7.0,6.0,50.0,7257.0,13.0,5.0,0.0,0.0,0.7590082644628099,0.728595041322314,0.0,-0.00899205116284344,88189.0,0.2872727272727273,0.0019834710743801653,0.0023140495867768596,0.0
253,282,42,427,2.263733741090395,671,657,0.0,0.0,65.0,2440.0,4.0,2.0,0.0,0.0,0.7488839285714286,0.7332589285714286,0.0,-0.08931230283911672,39625.0,0.31473214285714285,0.004464285714285714,0.0,0.0
255,716,81,1084,1.052677134479222,2266,2179,5.0,4.0,86.0,31099956.0,11.0,3.0,0.0,0.0,0.8834307992202729,0.8495126705653021,0.0,-0.9334207471236845,1211098.0,0.27914230019493175,0.0003898635477582846,0.001949317738791423,0.0
256,852,107,1418,0.4870388900227813,2448,2297,5.0,5.0,9.0,1876.0,15.0,4.0,0.0,0.0,0.8879216539717084,0.833151976786362,0.0,0.039925989079761276,55127.0,0.30903155603917304,0.0018135654697134566,0.0018135654697134566,0.0
257,854,105,1011,0.5420450644080679,2070,1970,6.0,5.0,77.0,3462.0,12.0,1.0,0.0,0.0,0.8536082474226804,0.8123711340206186,0.0,-0.011807254547388575,75208.0,0.35216494845360824,0.004123711340206186,0.002474226804123711,0.0
258,869,105,1177,1.125779712620537,2344,2211,8.0,8.0,58.0,3155.0,15.0,8.0,0.0,0.0,0.8636698599852616,0.8146647015475313,0.0,-0.019484932114773878,72107.0,0.3201915991156964,0.002210759027266028,0.0029476787030213707,0.0
259,903,92,1299,1.5576990178560366,2481,2841,5.0,5.0,890.0,44194.0,10.0,5.0,0.0,0.0,0.7399343871160156,0.8473009245451835,0.0,0.9992648606995567,639454318.0,0.26931106471816285,0.008052490307187594,0.0014912019087384432,0.0
260,875,98,1217,1.7915047673398958,2326,2185,12.0,9.0,15.0,3331.0,14.0,2.0,0.0,0.0,0.9179163378058406,0.8622730860299921,0.0,0.41660276073619634,20864.0,0.3453038674033149,0.008287292817679558,0.004735595895816891,0.0
261,902,103,1056,0.5092078145252101,2075,1935,7.0,7.0,18.0,2297.0,16.0,6.0,0.0,0.0,0.8592132505175983,0.8012422360248447,0.0,0.015172139980715784,70524.0,0.3734989648033126,0.005383022774327122,0.002898550724637681,0.0
262,808,93,733,0.6604355003458564,1626,1492,4.0,3.0,37.0,2440.0,9.0,2.0,0.0,0.0,0.817907444668008,0.7505030181086519,0.6,0.02335748360576857,72739.0,0.40643863179074446,0.004527162977867203,0.002012072434607646,0.0
263,698,75,584,0.5744077223876571,1428,1255,3.0,3.0,5.0,1127.0,16.0,1.0,0.0,0.0,0.8164665523156089,0.7175528873642081,0.0,-0.03459492018873607,49805.0,0.39908519153802174,0.004002287021154946,0.0017152658662092624,0.0
265,47,13,43,0.5945744117101034,60,53,3.0,2.0,1.0,3683.0,0.0,0.0,0.0,0.0,0.7792207792207793,0.6883116883116883,0.0,-0.5899595141700404,6175.0,0.6103896103896104,0.0,0.03896103896103896,0.0
266,830,91,891,0.5714536790873346,1908,1745,6.0,6.0,7.0,264.0,20.0,6.0,0.0,0.0,0.843874391862008,0.7717823971693941,0.0,0.06657434303857326,59212.0,0.367094206103494,0.0008845643520566122,0.0026536930561698365,0.0
267,817,111,817,1.1680933995800125,1869,1732,7.0,6.0,55.0,1084.0,15.0,6.0,0.0,0.0,0.8288248337028825,0.7680709534368071,0.0,0.032624195197833696,69427.0,0.3623059866962306,0.0022172949002217295,0.0031042128603104213,0.0
268,844,97,782,2.2943584467386056,1926,1826,5.0,5.0,77.0,2943.0,15.0,1.0,0.0,0.0,0.8417832167832168,0.7980769230769231,0.0,0.09091956539272505,86791.0,0.3688811188811189,0.004370629370629371,0.0021853146853146855,0.0
269,652,74,677,0.5521949478843259,1441,1339,4.0,3.0,4.0,1304.0,14.0,3.0,0.0,0.0,0.8712212817412334,0.8095525997581621,0.0,0.9999970310107389,12823219167.0,0.3941958887545345,0.009673518742442563,0.0024183796856106408,0.0
271,58,7,63,0.3455770044791989,91,85,3.0,3.0,0.0,0.0,2.0,0.0,0.0,0.0,0.8921568627450981,0.8333333333333334,0.0,0.0,1792.0,0.5686274509803921,0.0,0.029411764705882353,0.0
272,834,91,882,0.6983272308276292,1951,1798,5.0,5.0,20.0,4506.0,12.0,4.0,0.0,0.0,0.8659565024411895,0.7980470483799379,0.0,0.1289360773761908,68755.0,0.37017310252996005,0.007545494895694629,0.0022192632046160675,0.0
273,845,98,873,0.6062392834254674,1965,1790,8.0,8.0,32.0,1139.0,16.0,8.0,0.0,0.0,0.8513864818024264,0.7755632582322357,0.0,0.048916772865405356,61206.0,0.36611785095320626,0.0017331022530329288,0.0034662045060658577,0.0
274,463,48,401,0.7639930138922041,855,814,4.0,3.0,7.0,268.0,8.0,2.0,0.0,0.0,0.890625,0.8479166666666667,0.0,0.23480631602862662,17606.0,0.4822916666666667,0.003125,0.004166666666666667,0.0
275,346,46,326,15.265397128206349,754,1231,4.0,3.0,11.0,336.0,6.0,1.0,0.0,0.0,0.5153793574846206,0.8414217361585783,0.0,0.9999990696682564,11855985863.0,0.23650034176349966,0.025974025974025976,0.002734107997265892,0.0
278,75,15,79,0.4627769539155156,106,94,3.0,2.0,0.0,0.0,1.0,0.0,0.0,0.0,0.828125,0.734375,0.0,0.03035413153456998,2372.0,0.5859375,0.0,0.0234375,0.0
279,753,87,1772,0.3754363978923422,2914,2728,3.0,3.0,14.0,4232.0,19.0,9.0,0.0,0.0,0.900772797527048,0.8432766615146832,0.5217391304347826,-0.04279176201372998,52440.0,0.23276661514683153,0.0015455950540958269,0.0009273570324574962,0.0
280,793,90,1658,0.4210029512845904,2744,2633,4.0,4.0,23.0,8390.0,14.0,4.0,0.0,0.0,0.9044166117336848,0.8678312458800264,0.0,-0.17863733144073812,56360.0,0.2613711272247858,0.001977587343441002,0.0013183915622940012,0.0
281,510,66,1012,1.160187110484137,1831,1736,8.0,7.0,20.0,1675.0,7.0,3.0,0.0,0.0,0.9136726546906188,0.8662674650698603,0.0,-0.12649992771432703,20751.0,0.25449101796407186,0.001996007984031936,0.003992015968063872,0.0
296,38,4,52,0.2686908200102032,60,57,0.0,0.0,1.0,17.0,1.0,0.0,0.0,0.0,0.9090909090909092,0.8636363636363636,0.0,0.0,0.0,0.5757575757575758,0.0,0.0,0.0
297,904,115,1188,3.992627997591038,2452,2479,2.0,1.0,267.0,75492.0,11.0,2.0,0.0,0.0,0.8129973474801061,0.821949602122016,0.0,0.9996649317319316,427972487.0,0.29973474801061006,0.008620689655172414,0.000663129973474801,0.0
298,869,82,1281,1.6498616140433089,2672,2526,1.0,1.0,37.0,629.0,16.0,2.0,0.0,0.0,0.8415748031496063,0.7955905511811023,0.0,0.17603630358456265,72059.0,0.27370078740157483,0.0012598425196850393,0.00031496062992125983,0.0
299,1,2,1,3.010759472846985,0,0,0.0,0.0,0.0,0.0,0.0,0.0,0.0,0.0,0.0,0.0,0.0,1.0,448.0,0.5,0.0,0.0,0.0
300,57,15,51,0.3840499610611886,80,69,1.0,1.0,2.0,17.0,1.0,0.0,0.0,0.0,0.7920792079207921,0.6831683168316832,0.0,0.03393897840246829,2917.0,0.5643564356435643,0.0,0.009900990099009901,0.0
301,973,109,1178,1.2107442133221853,2736,2497,2.0,2.0,218.0,46832552.0,13.0,6.0,0.0,0.0,0.8547328959700093,0.7800687285223368,0.0,-0.989082170395183,22185545.0,0.30396751015307716,0.003124023742580444,0.0006248047485160887,0.0
302,861,101,701,0.4750039488666965,2015,1816,0.0,0.0,23.0,5061.0,13.0,2.0,0.0,0.0,0.8480639730639731,0.7643097643097643,0.0,0.05769266524123826,53785.0,0.36237373737373735,0.005892255892255892,0.0,0.0
303,58,12,56,0.3387549115765479,78,70,0.0,0.0,0.0,0.0,0.0,0.0,0.0,0.0,0.8666666666666667,0.7777777777777778,0.0,-0.24414715719063546,1196.0,0.6444444444444445,0.0,0.0,0.0
307,66,15,76,0.9872500559862922,106,92,0.0,0.0,1.0,162.0,0.0,0.0,0.0,0.0,0.8091603053435115,0.7022900763358778,0.0,-0.0817477096546864,2838.0,0.5038167938931297,0.007633587786259542,0.0,0.0
308,825,96,1034,3.689031907611101,2333,2135,1.0,1.0,151.0,3014.0,14.0,10.0,0.0,0.0,0.8168767507002801,0.7475490196078431,0.0,0.037580133423895344,107477.0,0.28886554621848737,0.004901960784313725,0.00035014005602240897,0.0
309,759,92,730,1.6649746513422996,1977,1810,1.0,1.0,60.0,10410.0,14.0,4.0,0.0,0.0,0.814921681780709,0.7460840890354493,0.0,0.14867732701608924,81048.0,0.3128606760098928,0.0028854080791426216,0.00041220115416323167,0.0
310,878,109,1018,0.761855563437969,2391,2158,1.0,1.0,51.0,21949.0,15.0,1.0,0.0,0.0,0.8463716814159292,0.7638938053097345,0.0,-0.19034895405133825,87576.0,0.31079646017699114,0.0021238938053097347,0.00035398230088495576,0.0
311,926,98,1088,0.9300314202833404,2506,2265,3.0,2.0,22.0,4236.0,17.0,3.0,0.0,0.0,0.8591018169352074,0.7764826876928351,0.0,0.02836253624101853,55531.0,0.31744943435035994,0.0023997257456290708,0.0010284538909838875,0.0
312,914,100,994,0.489042039386763,2470,2101,2.0,2.0,36.0,24806.0,11.0,4.0,0.0,0.0,0.8095706325794821,0.6886266797771222,0.0,-0.22822819699412347,96145.0,0.2995739101933792,0.0016388069485414618,0.0006555227794165847,0.0
313,1026,105,843,0.8613450166662489,2280,1899,3.0,2.0,59.0,7825.0,17.0,6.0,0.0,0.0,0.7924921793534933,0.6600625651720542,0.0,-0.042228094503021896,76442.0,0.35662148070907196,0.002780674313521029,0.0010427528675703858,0.0
314,969,111,897,0.3368682246388968,2168,1863,1.0,1.0,29.0,7077.0,15.0,3.0,0.0,0.0,0.8572558323448003,0.7366548042704626,0.0,0.1551155115511551,13332.0,0.3831553973902728,0.004744958481613286,0.00039541320680110717,0.0
315,1069,99,2442,0.6018325422718891,4026,3766,2.0,1.0,22.0,3275.0,13.0,6.0,0.0,0.0,0.9000670690811536,0.8419405320813772,0.0,-0.08739241001564946,81792.0,0.23898949251061927,0.001788508830762352,0.000447127207690588,0.0
316,956,90,911,0.5732002606539284,2400,2132,8.0,2.0,39.0,5802.0,11.0,2.0,0.0,0.0,0.847457627118644,0.7528248587570622,0.0,0.11893623656828556,70542.0,0.3375706214689266,0.0049435028248587575,0.002824858757062147,0.125
317,909,88,854,0.5645417038850915,2383,2079,5.0,2.0,587.0,13388.0,8.0,4.0,0.0,0.0,0.8408609738884968,0.733592095977417,0.0,-0.16804011754184234,62616.0,0.32074805928016936,0.004234297812279464,0.0017642907551164433,0.0
318,883,93,956,1.4515596959412125,2092,2418,1.0,1.0,50.0,3571.0,16.0,2.0,0.0,0.0,0.6895187870797627,0.7969676994067239,0.0,-0.12241517898869053,267475.0,0.2910349373764008,0.000988793671720501,0.0003295978905735003,0.0
319,862,97,831,0.6320910295158702,2000,1706,1.0,1.0,60.0,4814.0,18.0,1.0,0.0,0.0,0.8123476848090982,0.6929325751421609,0.0,-0.00857922967110643,72151.0,0.35012185215272135,0.0020308692120227455,0.00040617384240454913,0.0
320,972,106,716,0.71984144914441,2247,1799,4.0,1.0,63.0,5969.0,12.0,3.0,0.0,0.0,0.7911971830985915,0.6334507042253521,0.0,0.06304696392945007,81701.0,0.34225352112676055,0.0035211267605633804,0.0014084507042253522,0.0
321,937,103,774,1.867304005509971,1957,1973,2.0,2.0,139.0,10830.0,11.0,3.0,0.0,0.0,0.7756638921918351,0.7820055489496631,0.0,-0.06433308265536337,102389.0,0.37138327388030123,0.0027744748315497426,0.0007927070947284979,0.0
322,890,99,781,0.7337694657651012,2108,1867,2.0,1.0,367.0,11440.0,14.0,6.0,0.0,0.0,0.85,0.7528225806451613,0.0,0.033185840707964605,91304.0,0.3588709677419355,0.006048387096774193,0.0008064516129032258,0.0
323,822,95,638,2.127307175636546,1738,3833,1.0,1.0,4138.0,75874.0,11.0,4.0,0.0,0.0,0.3997240110395584,0.8815547378104875,0.0,0.08470526527719538,2100991.0,0.1890524379024839,0.003219871205151794,0.00022999080036798528,0.0
324,893,123,650,1.8546075319153037,1836,1608,2.0,1.0,198.0,9615.0,16.0,3.0,0.0,0.0,0.8095238095238095,0.708994708994709,0.0,0.07015467171717171,152064.0,0.3937389770723104,0.007936507936507936,0.0008818342151675485,0.0
325,833,102,540,1.667578617883686,2182,2184,2.0,1.0,110.0,63223.0,12.0,7.0,0.0,0.0,0.787725631768953,0.7884476534296029,0.0,-0.3274973923838411,156273.0,0.3007220216606498,0.003249097472924188,0.0007220216606498195,0.0
326,876,80,732,1.731911344680744,2063,1904,1.0,1.0,139.0,29000.0,13.0,4.0,0.0,0.0,0.7889101338432123,0.7281070745697896,0.0,-0.1112476517366555,141594.0,0.3349904397705545,0.006883365200764819,0.0003824091778202677,0.0
327,878,76,604,1.2348535902125382,1977,1909,1.0,1.0,252.0,15773938.0,8.0,2.0,0.0,0.0,0.8517880224041362,0.8224903059026282,0.0,-0.7131534347503983,788296.0,0.3782852218871176,0.005601034037052995,0.00043084877208099956,0.0
328,891,98,817,1.1858067290727483,2011,1895,2.0,1.0,403.0,40197.0,13.0,4.0,0.0,0.0,0.8630901287553648,0.8133047210300429,0.0,-0.08634255878486928,219104.0,0.3824034334763948,0.006008583690987125,0.0008583690987124463,0.0
329,110,21,97,1.945599227056016,152,138,0.0,0.0,0.0,0.0,1.0,1.0,0.0,0.0,0.8128342245989305,0.7379679144385026,0.0,-0.00625928761201423,22207.0,0.5882352941176471,0.0053475935828877,0.0,0.0
357,676,75,562,8.902451274773064,2372,1439,0.0,0.0,26.0,21694.0,4.0,2.0,0.0,0.0,0.9116064565718678,0.5530361260568794,0.0,0.2808348986278754,118721.0,0.2598001537279016,0.0015372790161414297,0.0,0.0
391,61,11,35,1.6523439917299485,125,65,2.0,1.0,6.0,102.0,0.0,0.0,0.0,0.0,0.8802816901408451,0.4577464788732394,0.0,0.07728337236533958,3416.0,0.4295774647887324,0.0,0.014084507042253521,0.0
392,1019,101,503,1.9765210860352715,3255,1826,1.0,1.0,220.0,16256.0,6.0,2.0,0.0,0.0,0.9026622296173044,0.5063782584581253,0.0,0.999980311266028,6960122484.0,0.28258458125346647,0.003050471436494731,0.00027731558513588466,0.0
393,327,35,189,2.6751350348046485,869,1131,2.0,1.0,894.0,96122.0,2.0,1.0,0.0,0.0,0.541095890410959,0.7042341220423413,0.0,-0.09846714427403255,469842.0,0.20361145703611458,0.00684931506849315,0.0012453300124533001,0.0
394,838,83,405,1.7686834244453815,2566,1347,1.0,1.0,36.0,4990.0,6.0,2.0,0.0,0.0,0.907997169143666,0.4766454352441613,0.0,0.028409001680355546,63677.0,0.29653220099079974,0.003538570417551309,0.00035385704175513094,0.0
395,1020,108,470,2.6929272947151683,3139,1704,2.0,1.0,167.0,32120.0,3.0,3.0,0.0,0.0,0.8958333333333334,0.4863013698630137,0.0,-0.11958936312463606,139101.0,0.2910958904109589,0.00228310502283105,0.0005707762557077625,0.0
396,967,101,473,1.5192625121066443,3130,1689,1.0,1.0,158.0,17078.0,2.0,2.0,0.0,0.0,0.9061957151129124,0.4889982628836132,0.0,-0.11353649656419228,119477.0,0.27996525767226405,0.0014475969889982628,0.00028951939779965256,0.0
397,1057,141,662,2.543195054029005,3633,2215,1.0,1.0,66.0,6626.0,1.0,3.0,0.0,0.0,0.9169611307420494,0.5590610802624937,0.0,0.1205096518515362,93868.0,0.2667844522968198,0.006814740030287734,0.0002523977788995457,0.0
398,1056,90,977,2.693143011644756,3698,2296,1.0,1.0,164.0,12730.0,4.0,4.0,0.0,0.0,0.9133119288713264,0.5670535934798716,0.0,0.05866423810636772,124079.0,0.2608051370708817,0.0041985675475426035,0.0002469745616201531,0.0
399,1026,113,1395,1.6501525084013622,4245,2766,2.0,1.0,57.0,22893.0,5.0,2.0,0.0,0.0,0.9250381346698628,0.6027456962301155,0.0,-0.057211783972248145,113578.0,0.22357812159511875,0.0010895619960775767,0.00043582479843103073,0.0
400,995,99,1649,1.3896142799460427,4305,2798,1.0,1.0,38.0,3639.0,5.0,5.0,0.0,0.0,0.9288025889967636,0.6036677454153182,0.0,0.15565906386856695,79006.0,0.21467098166127294,0.0006472491909385113,0.0002157497303128371,0.0
401,974,103,3210,1.2614982744492715,5784,4263,1.0,1.0,159.0,13395.0,2.0,2.0,0.0,0.0,0.9381995133819953,0.6914841849148419,0.0,0.166613301619248,87448.0,0.15798864557988646,0.0008110300081103001,0.00016220600162206002,0.0
402,906,94,1279,1.339945633159225,3899,2465,2.0,1.0,123.0,12347.0,2.0,3.0,0.0,0.0,0.9161184210526316,0.5791823308270677,0.0,0.02758597685046199,149895.0,0.21287593984962405,0.001174812030075188,0.00046992481203007516,0.0
405,3,2,3,0.6004970073699951,3,2,0.0,0.0,0.0,0.0,2.0,0.0,0.0,0.0,1.0,0.6666666666666666,0.0,0.0,0.0,1.0,0.0,0.0,0.0
433,320,46,763,0.8252500125049935,1192,1103,3.0,2.0,8.0,5100.0,3.0,1.0,0.0,0.0,0.8942235558889723,0.827456864216054,0.0,0.23955541705619612,48135.0,0.24006001500375093,0.0015003750937734434,0.002250562640660165,0.0
444,62,10,98,0.5249927211552858,121,117,0.0,0.0,0.0,0.0,0.0,0.0,0.0,0.0,0.852112676056338,0.823943661971831,0.0,-0.06611039794608473,6232.0,0.43661971830985913,0.0,0.0,0.0
